date,USDBRL,EURBRL,CNYBRL
2023-01-02,5.2099,5.5972,0.7597
2023-01-03,5.231,5.5967,0.7465
2023-01-04,5.2327,5.6181,0.743
2023-01-05,5.2125,5.5948,0.7431
2023-01-06,5.207,5.5671,0.7243
2023-01-09,5.1914,5.5865,0.7549
2023-01-10,5.1851,5.5799,0.7722
2023-01-11,5.1992,5.6108,0.7289
2023-01-12,5.1934,5.613,0.7331
2023-01-13,5.2123,5.6002,0.746
2023-01-16,5.1933,5.6506,0.7502
2023-01-17,5.1847,5.6313,0.7321
2023-01-18,5.2106,5.577,0.7306
2023-01-19,5.2109,5.6324,0.7531
2023-01-20,5.2052,5.6129,0.7284
2023-01-23,5.1936,5.6111,0.7665
2023-01-24,5.2154,5.5864,0.7555
2023-01-25,5.2014,5.6095,0.7599
2023-01-26,5.2303,5.643,0.7382
2023-01-27,5.204,5.6323,0.7654
2023-01-30,5.2011,5.6233,0.7342
2023-01-31,5.1873,5.6447,0.7712
2023-02-01,5.2104,5.6498,0.7563
2023-02-02,5.1994,5.6383,0.774
2023-02-03,5.2121,5.6638,0.7117
2023-02-06,5.2298,5.6356,0.7465
2023-02-07,5.2158,5.5954,0.7478
2023-02-08,5.2216,5.6661,0.7433
2023-02-09,5.1988,5.6278,0.7649
2023-02-10,5.2221,5.6286,0.7589
2023-02-13,5.218,5.66,0.7407
2023-02-14,5.2101,5.6341,0.7293
2023-02-15,5.2231,5.6485,0.7514
2023-02-16,5.213,5.6163,0.7451
2023-02-17,5.2114,5.63,0.749
2023-02-20,5.2268,5.6851,0.7541
2023-02-21,5.2244,5.6472,0.7227
2023-02-22,5.2193,5.6513,0.7885
2023-02-23,5.2165,5.6574,0.751
2023-02-24,5.1975,5.6756,0.7629
2023-02-27,5.2373,5.6359,0.7727
2023-02-28,5.1939,5.6672,0.7845
2023-03-01,5.2027,5.6455,0.7532
2023-03-02,5.213,5.6272,0.7528
2023-03-03,5.2023,5.669,0.738
2023-03-06,5.2551,5.6452,0.747
2023-03-07,5.2409,5.6376,0.7553
2023-03-08,5.2513,5.6314,0.7547
2023-03-09,5.2309,5.6806,0.7334
2023-03-10,5.1999,5.6767,0.7565
2023-03-13,5.2318,5.6746,0.7419
2023-03-14,5.232,5.6749,0.7414
2023-03-15,5.2652,5.6798,0.7343
2023-03-16,5.2415,5.6522,0.764
2023-03-17,5.2521,5.6566,0.7667
2023-03-20,5.2377,5.6908,0.7807
2023-03-21,5.2251,5.6607,0.739
2023-03-22,5.2142,5.6756,0.7575
2023-03-23,5.2366,5.695,0.7526
2023-03-24,5.2607,5.6745,0.7932
2023-03-27,5.2447,5.664,0.7364
2023-03-28,5.2423,5.6781,0.7632
2023-03-29,5.2427,5.6824,0.7399
2023-03-30,5.2035,5.6763,0.7654
2023-03-31,5.2386,5.6617,0.7552
2023-04-03,5.2425,5.6703,0.755
2023-04-04,5.2365,5.6664,0.7581
2023-04-05,5.2471,5.7123,0.7686
2023-04-06,5.2089,5.6732,0.7605
2023-04-07,5.2473,5.7036,0.8106
2023-04-10,5.2489,5.7174,0.7672
2023-04-11,5.2511,5.6897,0.7643
2023-04-12,5.2231,5.6927,0.7457
2023-04-13,5.2408,5.7451,0.725
2023-04-14,5.2534,5.6679,0.746
2023-04-17,5.262,5.7027,0.7369
2023-04-18,5.2264,5.7164,0.7422
2023-04-19,5.2456,5.7051,0.7434
2023-04-20,5.2847,5.7182,0.7228
2023-04-21,5.2461,5.6936,0.766
2023-04-24,5.227,5.7059,0.7609
2023-04-25,5.2607,5.6856,0.7483
2023-04-26,5.2345,5.6979,0.7799
2023-04-27,5.2526,5.6871,0.7672
2023-04-28,5.2875,5.7343,0.7307
2023-05-01,5.2359,5.7403,0.7429
2023-05-02,5.255,5.7318,0.7396
2023-05-03,5.2454,5.6529,0.7382
2023-05-04,5.2421,5.6941,0.7781
2023-05-05,5.2191,5.7116,0.7556
2023-05-08,5.2771,5.693,0.7712
2023-05-09,5.249,5.7035,0.7607
2023-05-10,5.2533,5.7125,0.7548
2023-05-11,5.2421,5.7281,0.7638
2023-05-12,5.2821,5.7024,0.7859
2023-05-15,5.2119,5.7255,0.7627
2023-05-16,5.2571,5.7174,0.7508
2023-05-17,5.2421,5.7194,0.7667
2023-05-18,5.2597,5.7187,0.7675
2023-05-19,5.2592,5.7502,0.7635
2023-05-22,5.237,5.7241,0.7653
2023-05-23,5.2663,5.7362,0.7559
2023-05-24,5.2802,5.7262,0.7624
2023-05-25,5.2512,5.735,0.7707
2023-05-26,5.2723,5.757,0.7739
2023-05-29,5.2567,5.7557,0.7497
2023-05-30,5.2633,5.7408,0.7558
2023-05-31,5.2693,5.7284,0.7858
2023-06-01,5.2378,5.7218,0.7718
2023-06-02,5.2743,5.7599,0.7639
2023-06-05,5.2587,5.7309,0.7557
2023-06-06,5.246,5.7697,0.7524
2023-06-07,5.2435,5.7451,0.7608
2023-06-08,5.2493,5.7364,0.7583
2023-06-09,5.266,5.7441,0.7476
2023-06-12,5.2663,5.7266,0.7336
2023-06-13,5.2478,5.7527,0.7595
2023-06-14,5.2922,5.7754,0.7524
2023-06-15,5.2629,5.7396,0.7546
2023-06-16,5.258,5.7674,0.7425
2023-06-19,5.2747,5.793,0.7533
2023-06-20,5.2729,5.7775,0.749
2023-06-21,5.2699,5.7653,0.7565
2023-06-22,5.2505,5.7669,0.7625
2023-06-23,5.2955,5.7869,0.7874
2023-06-26,5.2517,5.7866,0.7579
2023-06-27,5.3113,5.7543,0.7426
2023-06-28,5.2561,5.7293,0.7474
2023-06-29,5.2534,5.7762,0.7604
2023-06-30,5.3067,5.7935,0.7467
2023-07-03,5.2517,5.7857,0.7356
2023-07-04,5.3068,5.8008,0.7484
2023-07-05,5.2365,5.8057,0.7537
2023-07-06,5.296,5.748,0.7465
2023-07-07,5.2719,5.7822,0.7488
2023-07-10,5.2848,5.7613,0.7534
2023-07-11,5.2753,5.7943,0.7663
2023-07-12,5.2509,5.7547,0.7748
2023-07-13,5.2806,5.7717,0.779
2023-07-14,5.2768,5.8116,0.7568
2023-07-17,5.3163,5.8245,0.752
2023-07-18,5.295,5.8037,0.7764
2023-07-19,5.2568,5.8058,0.7717
2023-07-20,5.2415,5.7698,0.7253
2023-07-21,5.2718,5.8092,0.7785
2023-07-24,5.2792,5.8287,0.7353
2023-07-25,5.2442,5.7964,0.7618
2023-07-26,5.2781,5.7575,0.7547
2023-07-27,5.2532,5.8136,0.7616
2023-07-28,5.2611,5.7913,0.7403
2023-07-31,5.2792,5.822,0.7414
2023-08-01,5.291,5.7937,0.7443
2023-08-02,5.2793,5.7849,0.748
2023-08-03,5.2581,5.8463,0.7568
2023-08-04,5.2686,5.8126,0.7547
2023-08-07,5.2787,5.822,0.7678
2023-08-08,5.273,5.7995,0.7523
2023-08-09,5.2381,5.7821,0.777
2023-08-10,5.3176,5.8088,0.7652
2023-08-11,5.2915,5.8767,0.7734
2023-08-14,5.2832,5.7973,0.7325
2023-08-15,5.2904,5.8027,0.7353
2023-08-16,5.2739,5.7975,0.782
2023-08-17,5.305,5.8204,0.7789
2023-08-18,5.2895,5.8046,0.7796
2023-08-21,5.2992,5.8025,0.754
2023-08-22,5.2715,5.7969,0.7707
2023-08-23,5.3277,5.798,0.7653
2023-08-24,5.277,5.8175,0.7481
2023-08-25,5.2733,5.8296,0.7445
2023-08-28,5.2965,5.829,0.7534
2023-08-29,5.2735,5.8198,0.7684
2023-08-30,5.3022,5.8131,0.7586
2023-08-31,5.3078,5.8007,0.7653
2023-09-01,5.28,5.8468,0.7457
2023-09-04,5.2577,5.8042,0.7579
2023-09-05,5.2995,5.82,0.7668
2023-09-06,5.2616,5.8381,0.7391
2023-09-07,5.2824,5.8418,0.7444
2023-09-08,5.2883,5.8623,0.7487
2023-09-11,5.3132,5.8209,0.7654
2023-09-12,5.3259,5.7954,0.7455
2023-09-13,5.3091,5.8422,0.7631
2023-09-14,5.286,5.8493,0.7552
2023-09-15,5.322,5.854,0.7627
2023-09-18,5.2909,5.8405,0.7512
2023-09-19,5.3076,5.8432,0.762
2023-09-20,5.3417,5.8704,0.7528
2023-09-21,5.3248,5.8462,0.7272
2023-09-22,5.2811,5.8183,0.7525
2023-09-25,5.3022,5.8906,0.7627
2023-09-26,5.298,5.875,0.7247
2023-09-27,5.3076,5.8752,0.7357
2023-09-28,5.3263,5.8679,0.7517
2023-09-29,5.3166,5.9079,0.7607
2023-10-02,5.3095,5.8546,0.7453
2023-10-03,5.3217,5.848,0.7592
2023-10-04,5.296,5.8761,0.7631
2023-10-05,5.3269,5.8577,0.7541
2023-10-06,5.2871,5.8603,0.7639
2023-10-09,5.3223,5.8521,0.7713
2023-10-10,5.3349,5.8802,0.7865
2023-10-11,5.2928,5.8484,0.7317
2023-10-12,5.3387,5.8877,0.7575
2023-10-13,5.315,5.8535,0.7951
2023-10-16,5.3125,5.8795,0.7694
2023-10-17,5.32,5.8832,0.7466
2023-10-18,5.3204,5.9177,0.7787
2023-10-19,5.3434,5.8712,0.7437
2023-10-20,5.3095,5.8839,0.775
2023-10-23,5.2787,5.9147,0.7563
2023-10-24,5.3046,5.8652,0.7339
2023-10-25,5.3301,5.8883,0.7394
2023-10-26,5.2883,5.8814,0.7838
2023-10-27,5.3095,5.8594,0.7552
2023-10-30,5.3098,5.8369,0.7581
2023-10-31,5.3112,5.9061,0.7867
2023-11-01,5.3389,5.8882,0.7424
2023-11-02,5.3683,5.8961,0.7592
2023-11-03,5.3169,5.9002,0.7569
2023-11-06,5.3065,5.8867,0.7586
2023-11-07,5.3076,5.8847,0.7607
2023-11-08,5.3139,5.9304,0.7194
2023-11-09,5.3414,5.9266,0.7281
2023-11-10,5.3132,5.8956,0.7381
2023-11-13,5.3051,5.8822,0.7856
2023-11-14,5.3399,5.9312,0.7702
2023-11-15,5.2991,5.8966,0.7667
2023-11-16,5.2978,5.9227,0.7558
2023-11-17,5.3153,5.924,0.7661
2023-11-20,5.3161,5.9343,0.7433
2023-11-21,5.3361,5.9244,0.7549
2023-11-22,5.3309,5.8888,0.7734
2023-11-23,5.3212,5.9048,0.7754
2023-11-24,5.3113,5.8884,0.7363
2023-11-27,5.3381,5.8923,0.786
2023-11-28,5.2849,5.9532,0.7629
2023-11-29,5.3251,5.9097,0.7658
2023-11-30,5.3268,5.944,0.7615
2023-12-01,5.3311,5.9161,0.759
2023-12-04,5.3348,5.8905,0.7397
2023-12-05,5.344,5.9295,0.7572
2023-12-06,5.3301,5.9343,0.7519
2023-12-07,5.3147,5.9327,0.7454
2023-12-08,5.339,5.896,0.7755
2023-12-11,5.3408,5.9366,0.7749
2023-12-12,5.3652,5.9531,0.7325
2023-12-13,5.3068,5.9217,0.7606
2023-12-14,5.3433,5.921,0.763
2023-12-15,5.3184,5.9246,0.7392
2023-12-18,5.3155,5.9112,0.7457
2023-12-19,5.3556,5.9206,0.7998
2023-12-20,5.3449,5.9446,0.7475
2023-12-21,5.3496,5.9308,0.7623
2023-12-22,5.3874,5.9417,0.7777
2023-12-25,5.3226,5.9443,0.7871
2023-12-26,5.3247,5.9826,0.7712
2023-12-27,5.3265,5.9603,0.7752
2023-12-28,5.3507,5.9176,0.7497
2023-12-29,5.3339,5.9489,0.77
2024-01-01,5.3429,5.925,0.7664
2024-01-02,5.3521,5.9643,0.777
2024-01-03,5.3571,5.9636,0.7598
2024-01-04,5.3078,5.9644,0.764
2024-01-05,5.3469,5.9316,0.7447
2024-01-08,5.3631,5.9577,0.7712
2024-01-09,5.3432,5.9605,0.7751
2024-01-10,5.3328,5.9631,0.7541
2024-01-11,5.335,5.9564,0.7644
2024-01-12,5.3346,5.989,0.7477
2024-01-15,5.341,5.9565,0.7829
2024-01-16,5.3492,5.9873,0.7389
2024-01-17,5.3511,5.9858,0.7625
2024-01-18,5.3676,5.959,0.7824
2024-01-19,5.3929,5.9634,0.7546
2024-01-22,5.3765,6.0036,0.7535
2024-01-23,5.3395,5.9678,0.7412
2024-01-24,5.3301,5.9547,0.7499
2024-01-25,5.3483,5.9808,0.7847
2024-01-26,5.3296,5.9971,0.7583
2024-01-29,5.3491,5.9923,0.7447
2024-01-30,5.3583,5.9835,0.769
2024-01-31,5.3569,6.0306,0.7521
2024-02-01,5.3411,5.9704,0.7534
2024-02-02,5.3395,6.008,0.783
2024-02-05,5.3414,5.9689,0.7688
2024-02-06,5.3423,5.9996,0.7649
2024-02-07,5.3235,6.0192,0.7888
2024-02-08,5.3421,5.9819,0.7662
2024-02-09,5.3616,6.0041,0.7921
2024-02-12,5.3519,5.9764,0.7413
2024-02-13,5.3414,5.993,0.7889
2024-02-14,5.3462,5.9995,0.7618
2024-02-15,5.3808,6.0469,0.7541
2024-02-16,5.3478,6.0186,0.7724
2024-02-19,5.3951,6.0108,0.7568
2024-02-20,5.3705,6.0226,0.7745
2024-02-21,5.3693,6.0231,0.7798
2024-02-22,5.3874,6.0161,0.7598
2024-02-23,5.3632,6.0286,0.7501
2024-02-26,5.3682,5.998,0.7628
2024-02-27,5.3869,6.011,0.7631
2024-02-28,5.3347,6.0235,0.7722
2024-02-29,5.4057,6.0038,0.7658
2024-03-01,5.3679,6.0428,0.7611
2024-03-04,5.3691,6.0248,0.7654
2024-03-05,5.3551,6.0179,0.7787
2024-03-06,5.344,6.018,0.7522
2024-03-07,5.389,5.9862,0.7543
2024-03-08,5.3732,6.0493,0.7618
2024-03-11,5.3551,6.057,0.7411
2024-03-12,5.3227,6.0295,0.7553
2024-03-13,5.3468,6.0363,0.7665
2024-03-14,5.3565,5.9978,0.776
2024-03-15,5.3813,6.0228,0.7907
2024-03-18,5.3474,5.9956,0.7526
2024-03-19,5.3685,6.0324,0.7594
2024-03-20,5.377,6.0038,0.7847
2024-03-21,5.3688,6.0526,0.7683
2024-03-22,5.3801,6.043,0.7699
2024-03-25,5.3844,6.0595,0.7662
2024-03-26,5.3862,6.0325,0.7849
2024-03-27,5.3591,6.0716,0.7627
2024-03-28,5.3445,6.0395,0.7531
2024-03-29,5.3905,6.0253,0.7567
2024-04-01,5.3364,6.0306,0.7271
2024-04-02,5.3431,6.0562,0.7752
2024-04-03,5.3838,6.023,0.7628
2024-04-04,5.3757,6.0206,0.7861
2024-04-05,5.3939,6.0407,0.764
2024-04-08,5.3811,6.0056,0.7599
2024-04-09,5.3638,6.0278,0.7595
2024-04-10,5.4139,6.062,0.7551
2024-04-11,5.39,6.0785,0.7776
2024-04-12,5.3802,6.0389,0.7743
2024-04-15,5.3874,6.0711,0.7734
2024-04-16,5.4011,6.0439,0.7836
2024-04-17,5.3846,6.0974,0.7536
2024-04-18,5.4159,6.0612,0.7542
2024-04-19,5.372,6.0522,0.7704
2024-04-22,5.3927,6.0485,0.7637
2024-04-23,5.4256,6.0959,0.7706
2024-04-24,5.3841,6.0651,0.7733
2024-04-25,5.3634,6.0589,0.7391
2024-04-26,5.3924,6.0783,0.757
2024-04-29,5.4164,6.0422,0.7423
2024-04-30,5.39,6.089,0.7895
2024-05-01,5.3768,6.091,0.7638
2024-05-02,5.3831,6.0885,0.7742
2024-05-03,5.3555,6.1017,0.7851
2024-05-06,5.3751,6.0814,0.7719
2024-05-07,5.3934,6.0638,0.7544
2024-05-08,5.3882,6.0997,0.7727
2024-05-09,5.3818,6.093,0.7218
2024-05-10,5.4127,6.0441,0.7592
2024-05-13,5.3679,6.0544,0.7821
2024-05-14,5.3815,6.0885,0.764
2024-05-15,5.4009,6.0845,0.7455
2024-05-16,5.4118,6.0744,0.7414
2024-05-17,5.3839,6.1157,0.7776
2024-05-20,5.386,6.08,0.76
2024-05-21,5.435,6.096,0.7714
2024-05-22,5.4147,6.0945,0.7611
2024-05-23,5.3907,6.0897,0.7644
2024-05-24,5.4097,6.0935,0.776
2024-05-27,5.394,6.0954,0.7351
2024-05-28,5.4145,6.1021,0.7801
2024-05-29,5.3388,6.1383,0.7631
2024-05-30,5.4194,6.0771,0.7744
2024-05-31,5.3767,6.0867,0.7939
2024-06-03,5.3945,6.1049,0.7783
2024-06-04,5.4088,6.1049,0.7708
2024-06-05,5.4475,6.1021,0.7684
2024-06-06,5.421,6.1267,0.7832
2024-06-07,5.4133,6.0831,0.7899
2024-06-10,5.3781,6.1134,0.7542
2024-06-11,5.4003,6.1152,0.7703
2024-06-12,5.4105,6.1423,0.7724
2024-06-13,5.3977,6.1307,0.7835
2024-06-14,5.3786,6.1247,0.7762
2024-06-17,5.3977,6.1416,0.7634
2024-06-18,5.4067,6.112,0.766
2024-06-19,5.3828,6.088,0.7897
2024-06-20,5.3884,6.0983,0.7335
2024-06-21,5.3931,6.093,0.7905
2024-06-24,5.4266,6.1071,0.7997
2024-06-25,5.4265,6.1157,0.7284
2024-06-26,5.4533,6.0958,0.7413
2024-06-27,5.4284,6.1737,0.7868
2024-06-28,5.4198,6.1382,0.7789
2024-07-01,5.4242,6.1332,0.7677
2024-07-02,5.4083,6.1139,0.7619
2024-07-03,5.3763,6.1284,0.7514
2024-07-04,5.3886,6.1353,0.7871
2024-07-05,5.4296,6.1016,0.7514
2024-07-08,5.4305,6.1147,0.7629
2024-07-09,5.4233,6.1164,0.7679
2024-07-10,5.3861,6.1251,0.7712
2024-07-11,5.3815,6.1472,0.7661
2024-07-12,5.4249,6.1443,0.7869
2024-07-15,5.4169,6.1326,0.7684
2024-07-16,5.4258,6.1435,0.7672
2024-07-17,5.4014,6.1306,0.7456
2024-07-18,5.451,6.1203,0.7562
2024-07-19,5.4022,6.1645,0.7623
2024-07-22,5.442,6.1344,0.7709
2024-07-23,5.4009,6.1922,0.749
2024-07-24,5.4244,6.1633,0.773
2024-07-25,5.415,6.1494,0.7675
2024-07-26,5.4163,6.1726,0.8
2024-07-29,5.4086,6.1273,0.7656
2024-07-30,5.4719,6.1399,0.7916
2024-07-31,5.4544,6.1463,0.7755
2024-08-01,5.454,6.1511,0.764
2024-08-02,5.4103,6.1398,0.7574
2024-08-05,5.398,6.1621,0.7556
2024-08-06,5.4277,6.1317,0.7721
2024-08-07,5.4402,6.1243,0.7728
2024-08-08,5.4486,6.1413,0.7923
2024-08-09,5.433,6.1527,0.7665
2024-08-12,5.4363,6.1697,0.7754
2024-08-13,5.4073,6.1729,0.7462
2024-08-14,5.424,6.1528,0.7564
2024-08-15,5.4515,6.1941,0.7766
2024-08-16,5.4054,6.1673,0.7857
2024-08-19,5.4306,6.2213,0.7734
2024-08-20,5.4322,6.1701,0.7696
2024-08-21,5.4258,6.1918,0.782
2024-08-22,5.4137,6.1524,0.7401
2024-08-23,5.4401,6.1583,0.7354
2024-08-26,5.4383,6.2316,0.7677
2024-08-27,5.4478,6.1847,0.7663
2024-08-28,5.4499,6.1786,0.7718
2024-08-29,5.4385,6.1724,0.7828
2024-08-30,5.4291,6.172,0.776
2024-09-02,5.4152,6.1891,0.7678
2024-09-03,5.4554,6.1993,0.7676
2024-09-04,5.4506,6.219,0.7764
2024-09-05,5.435,6.1663,0.7521
2024-09-06,5.4292,6.1817,0.7653
2024-09-09,5.437,6.2058,0.7671
2024-09-10,5.4461,6.1979,0.7386
2024-09-11,5.4181,6.1951,0.7501
2024-09-12,5.4495,6.2299,0.7866
2024-09-13,5.4337,6.2305,0.7706
2024-09-16,5.4318,6.1898,0.7638
2024-09-17,5.4313,6.2068,0.7708
2024-09-18,5.4397,6.2135,0.7863
2024-09-19,5.4591,6.1764,0.7302
2024-09-20,5.4594,6.1801,0.7652
2024-09-23,5.4178,6.1727,0.7767
2024-09-24,5.4569,6.1986,0.7298
2024-09-25,5.4314,6.2193,0.7465
2024-09-26,5.4465,6.2125,0.7774
2024-09-27,5.4458,6.1947,0.7867
2024-09-30,5.4407,6.215,0.7548
2024-10-01,5.4356,6.1992,0.7662
2024-10-02,5.4792,6.1908,0.7447
2024-10-03,5.4749,6.2154,0.7589
2024-10-04,5.4668,6.2088,0.7963
2024-10-07,5.4601,6.2126,0.8014
2024-10-08,5.435,6.2385,0.7735
2024-10-09,5.4737,6.2562,0.7696
2024-10-10,5.4331,6.2356,0.759
2024-10-11,5.489,6.2305,0.7637
2024-10-14,5.453,6.2021,0.7546
2024-10-15,5.4738,6.2173,0.7535
2024-10-16,5.4611,6.2555,0.7801
2024-10-17,5.4708,6.218,0.748
2024-10-18,5.4814,6.228,0.7656
2024-10-21,5.4785,6.247,0.7762
2024-10-22,5.4958,6.2243,0.7834
2024-10-23,5.4541,6.2439,0.7924
2024-10-24,5.4637,6.2507,0.7856
2024-10-25,5.4468,6.2245,0.7539
2024-10-28,5.4153,6.2837,0.7531
2024-10-29,5.4507,6.2384,0.7743
2024-10-30,5.472,6.2625,0.7609
2024-10-31,5.4529,6.2523,0.766
2024-11-01,5.4889,6.2578,0.7808
2024-11-04,5.4706,6.2728,0.7725
2024-11-05,5.4319,6.2587,0.7601
2024-11-06,5.4478,6.2638,0.7885
2024-11-07,5.4593,6.2596,0.7955
2024-11-08,5.4643,6.3068,0.7785
2024-11-11,5.4248,6.2712,0.7757
2024-11-12,5.4863,6.271,0.768
2024-11-13,5.4366,6.2547,0.7574
2024-11-14,5.45,6.272,0.7952
2024-11-15,5.47,6.2376,0.7769
2024-11-18,5.4866,6.2507,0.7682
2024-11-19,5.4635,6.2486,0.78
2024-11-20,5.4613,6.274,0.757
2024-11-21,5.4555,6.2814,0.7648
2024-11-22,5.4993,6.2603,0.7738
2024-11-25,5.484,6.2413,0.744
2024-11-26,5.4354,6.2963,0.7622
2024-11-27,5.5176,6.2611,0.7733
2024-11-28,5.4978,6.3138,0.8015
2024-11-29,5.4916,6.2956,0.7795
2024-12-02,5.4836,6.2654,0.7584
2024-12-03,5.4685,6.2744,0.7639
2024-12-04,5.483,6.2982,0.7721
2024-12-05,5.4992,6.2577,0.7679
2024-12-06,5.4558,6.2445,0.7696
2024-12-09,5.4683,6.3135,0.7803
2024-12-10,5.4508,6.3216,0.7892
2024-12-11,5.4834,6.2814,0.7565
2024-12-12,5.4649,6.309,0.7992
2024-12-13,5.5037,6.2788,0.7542
2024-12-16,5.4762,6.2546,0.7759
2024-12-17,5.471,6.282,0.7472
2024-12-18,5.4847,6.282,0.7536
2024-12-19,5.4175,6.2935,0.7978
2024-12-20,5.5087,6.2862,0.7622
2024-12-23,5.4854,6.2768,0.7758
2024-12-24,5.4919,6.3226,0.7698
2024-12-25,5.4731,6.2819,0.7589
2024-12-26,5.4731,6.3081,0.7851
2024-12-27,5.4621,6.332,0.7674
2024-12-30,5.4783,6.2885,0.7351
2024-12-31,5.497,6.3196,0.7673
2025-01-01,5.4812,6.3165,0.7481
2025-01-02,5.4698,6.3234,0.7528
2025-01-03,5.4868,6.2818,0.7786
2025-01-06,5.4807,6.2779,0.7891
2025-01-07,5.4673,6.2954,0.7747
2025-01-08,5.5055,6.2926,0.7727
2025-01-09,5.4916,6.3282,0.7744
2025-01-10,5.4762,6.2991,0.7731
2025-01-13,5.4627,6.2586,0.7784
2025-01-14,5.5027,6.2711,0.7568
2025-01-15,5.4976,6.3609,0.7723
2025-01-16,5.4711,6.3174,0.7926
2025-01-17,5.4733,6.3064,0.7648
2025-01-20,5.4677,6.3262,0.7965
2025-01-21,5.4938,6.3201,0.7678
2025-01-22,5.4566,6.3441,0.771
2025-01-23,5.4848,6.3917,0.7767
2025-01-24,5.4739,6.3207,0.7895
2025-01-27,5.4917,6.3018,0.7861
2025-01-28,5.4766,6.3694,0.7885
2025-01-29,5.4816,6.3589,0.7734
2025-01-30,5.5081,6.3443,0.7597
2025-01-31,5.4787,6.3566,0.7674
2025-02-03,5.4841,6.3182,0.7789
2025-02-04,5.5339,6.3173,0.7729
2025-02-05,5.5215,6.3384,0.7794
2025-02-06,5.4725,6.3499,0.7698
2025-02-07,5.514,6.3665,0.8115
2025-02-10,5.5064,6.3506,0.7756
2025-02-11,5.4883,6.3522,0.7683
2025-02-12,5.4993,6.3731,0.7577
2025-02-13,5.5192,6.3745,0.7711
2025-02-14,5.4545,6.3373,0.7923
2025-02-17,5.497,6.3308,0.7653
2025-02-18,5.5148,6.3631,0.7694
2025-02-19,5.4912,6.3457,0.7592
2025-02-20,5.5314,6.3484,0.7913
2025-02-21,5.5301,6.3762,0.7666
2025-02-24,5.5083,6.3571,0.7596
2025-02-25,5.5072,6.3354,0.791
2025-02-26,5.492,6.3643,0.7775
2025-02-27,5.4966,6.3734,0.7661
2025-02-28,5.5198,6.3361,0.7752
2025-03-03,5.5416,6.3444,0.7632
2025-03-04,5.5137,6.3693,0.7786
2025-03-05,5.5137,6.3798,0.7901
2025-03-06,5.5127,6.3636,0.7835
2025-03-07,5.543,6.3671,0.7589
2025-03-10,5.5277,6.3687,0.7409
2025-03-11,5.523,6.3618,0.7722
2025-03-12,5.5133,6.3776,0.7843
2025-03-13,5.4984,6.3854,0.7698
2025-03-14,5.5225,6.3888,0.7597
2025-03-17,5.5299,6.3672,0.7859
2025-03-18,5.5161,6.416,0.7704
2025-03-19,5.5023,6.3802,0.7693
2025-03-20,5.5258,6.3496,0.7581
2025-03-21,5.489,6.4023,0.7996
2025-03-24,5.5088,6.3813,0.775
2025-03-25,5.5347,6.3675,0.7776
2025-03-26,5.5315,6.3974,0.7769
2025-03-27,5.5325,6.3346,0.7842
2025-03-28,5.5,6.3535,0.7818
2025-03-31,5.5411,6.3887,0.7884
2025-04-01,5.5464,6.4191,0.7988
2025-04-02,5.5295,6.3956,0.7502
2025-04-03,5.5103,6.3786,0.8068
2025-04-04,5.5122,6.3993,0.7826
2025-04-07,5.5171,6.4321,0.765
2025-04-08,5.5207,6.3847,0.7546
2025-04-09,5.5051,6.4001,0.768
2025-04-10,5.504,6.3741,0.7732
2025-04-11,5.4883,6.4188,0.7758
2025-04-14,5.4898,6.3988,0.7633
2025-04-15,5.5259,6.4331,0.7465
2025-04-16,5.5223,6.4045,0.7847
2025-04-17,5.5248,6.394,0.7699
2025-04-18,5.5052,6.4319,0.7751
2025-04-21,5.5596,6.4105,0.7641
2025-04-22,5.4919,6.377,0.7511
2025-04-23,5.528,6.4246,0.7511
2025-04-24,5.5411,6.4061,0.7771
2025-04-25,5.556,6.4351,0.7709
2025-04-28,5.5065,6.3754,0.7642
2025-04-29,5.5206,6.4001,0.7731
2025-04-30,5.5269,6.4167,0.7653
2025-05-01,5.5293,6.4314,0.7587
2025-05-02,5.5547,6.4219,0.7754
2025-05-05,5.5411,6.4299,0.7895
2025-05-06,5.5333,6.4143,0.7807
2025-05-07,5.5052,6.4301,0.7748
2025-05-08,5.5244,6.4267,0.7471
2025-05-09,5.5182,6.4325,0.7778
2025-05-12,5.5091,6.4573,0.7624
2025-05-13,5.5496,6.4419,0.7657
2025-05-14,5.5662,6.4108,0.7893
2025-05-15,5.5513,6.4227,0.7964
2025-05-16,5.5268,6.4432,0.7795
2025-05-19,5.5297,6.455,0.7875
2025-05-20,5.4979,6.4662,0.7507
2025-05-21,5.5541,6.464,0.7593
2025-05-22,5.5257,6.4207,0.7725
2025-05-23,5.5283,6.4598,0.7954
2025-05-26,5.5629,6.4343,0.7727
2025-05-27,5.5019,6.4308,0.7903
2025-05-28,5.5684,6.4236,0.767
2025-05-29,5.5361,6.4552,0.7638
2025-05-30,5.5456,6.4415,0.7758
2025-06-02,5.5486,6.4524,0.7695
2025-06-03,5.536,6.4519,0.7705
2025-06-04,5.5336,6.487,0.7845
2025-06-05,5.5334,6.4703,0.7711
2025-06-06,5.5633,6.4651,0.7746
2025-06-09,5.5493,6.4276,0.7593
2025-06-10,5.517,6.4633,0.8022
2025-06-11,5.5861,6.4745,0.7838
2025-06-12,5.506,6.4523,0.7645
2025-06-13,5.5301,6.4611,0.7693
2025-06-16,5.5035,6.4808,0.7603
2025-06-17,5.5484,6.5087,0.7627
2025-06-18,5.4935,6.4628,0.793
2025-06-19,5.5838,6.4453,0.784
2025-06-20,5.5359,6.4691,0.8163
2025-06-23,5.5157,6.4777,0.7836
2025-06-24,5.568,6.4759,0.7813
2025-06-25,5.539,6.4807,0.7716
2025-06-26,5.5598,6.4693,0.7824
2025-06-27,5.5473,6.5005,0.776
2025-06-30,5.513,6.5046,0.7633
2025-07-01,5.5359,6.4688,0.7975
2025-07-02,5.5068,6.5448,0.7928
2025-07-03,5.5545,6.4823,0.7812
2025-07-04,5.561,6.4977,0.7853
2025-07-07,5.5529,6.4822,0.7748
2025-07-08,5.5477,6.5101,0.786
2025-07-09,5.4934,6.5019,0.78
2025-07-10,5.5523,6.4824,0.794
2025-07-11,5.5722,6.4761,0.7833
2025-07-14,5.5344,6.4653,0.7679
2025-07-15,5.5716,6.5133,0.785
2025-07-16,5.5694,6.5059,0.7677
2025-07-17,5.564,6.5129,0.7887
2025-07-18,5.5797,6.5125,0.7827
2025-07-21,5.5779,6.4991,0.7642
